customer_ID_Duplicate,prefix,first_name,last_name,generationalSuffix,suffixTitle,CompleteName,gender,email,Address1,Address2,city,state,zipcode,country,Race,Marrital_Status,Number_of_Children,Store_Membership_Card,Occupation,Annual_Income,Largest_Bill_Amount,Mean_Transaction_Amount,Transaction_ID,Last_Transaction,customer_Since,IntBankAccNo,CreditcardNo,CreditCard_type,password,DOB,mobile,ssn
01GY0YYXCXQT03DFJWBP4R43CB,Dr.,Ebay,Treneer,II,EdD,"Dr. Ebay Treneer II,EdD",Androgyne,Ebay.Treneer@pilog.com,Apartment 1420,218 Heffernan Hill crest,,,6726,United States,Panamanian,Separated,4,Vk5vdVav,Sys Admin I,575017,79073,32735.2,01GZ1HY1MSNCARAEESBGGZPVA0,6/24/21,2/11/02,GB70 IDWQ 3595 8675 9760 62,4.04E+15,visa,prRtRAjIth,1/11/60,(259) 438-4442,420-02-0702
01GY0YYXDE2H28GB8JKRW17F28,Mr.,Saw,Newland,,CPT,"Mr. Saw Newland ,CPT",Transsexual Woman,Saw.Newland@pilog.com,St 21,99 A Cir,kentuky,Ohio,45296,United States,Chickasaw,Separated,7,5TqkWjec2w1,Accountant,955847,87392,36966.4,01GZ1HY1NWBZTZZNSRK4PK4H8C,5/3/22,1/4/95,FR84 2515 8160 15IW TDQO WIKP C53,3.57E+15,jcb,2FoMdDtCqvH,11/23/75,(850) 958-8913,501-52-4287
01GY0YYXDMVNXH2QT7HHR4ATD4,Dr.,O,Woolford,Jr,CPT,"Dr. O Woolford Jr,CPT",Other,O.Woolford@pilog.com,,,Santa Fe,New Mexico,87505,United States,Pueblo,Engaged,8,ffmMpgtK3,Jr Exe,721335,76042,38552.8,01GZ1HY1P5W34YQX08GD9NS71W,8/29/22,6/23/02,FR57 5548 6390 52T9 JJ7D RUQ6 W13,3.59E+15,jcb,Xl9Eh2J5SWx,3/29/72,(073) 102-6049,514-53-3956
01GY0YYXDSM08225R9H64TRP9T,Prof.,C,Roberts,,Gen,"Prof. C Roberts ,Gen",Cisgender Woman,C.Roberts@pilog.com,Rm 875,8 Lerdahal Centre,Englewood,Canada,80150,United States,Alaskan Athabascan,Separated,2,lIGdnD,Project Mngr,102336,96524,56940.6,01GZ1HY1PGAGC0EV9JXMDDJV36,6/21/21,4/18/16,HR05 1266 9605 7794 2850 0,3.03E+13,diners-club-carte-blanche,4fbBjS,4/4/88,(132) 198-3538,826-42-3780
01GY0YYXDZQM64ANY2T5N652R7,Dr.,Md,Micheau,,MPhil,"Dr. Md Micheau ,MPhil",Androgyne,Md.Micheal@pilog.com,Rm 197,79458 Bul Crossing,Peoria,AZ,85383,United States,Cree,Single,4,8dNUeqOb,CE,525511,97965,40161.3,01GZ1HY1PPRBPEZN5YKNRHE38A,12/13/20,3/7/20,RS54 4280 1164 0710 7784 54,5.60E+16,china-unionpay,qsaNeF5cl,10/8/86,(245) 065-3540,074-89-0455
01GY0YYXE37WXYP20T328BAQ9G,Prof.,Aindreaus,Pyecroft,IV,BA,"Prof. Aindreaus Pyecroft IV,BA",Cis Man,Aindreaus.Pyecroft@pilog.com,Apartment 451,61 Davidson St,Clevelander,Ohio,44130,United States,Aleut,Married,3,9X8dl7,Operator,296011,98399,59774.2,01GZ1HY1Q3ZWB8GPB3PZN9XMBH,6/19/22,3/29/90,MU51 LPAH 5885 3879 5908 2470 945M JW,3.56E+15,jcb,5LFjkr,9/24/80,,751-29-9289
01GY0YYXE7HCAN29YSQK6Y5ZDD,Dr.,Christian,Orneles,III,PsyD,"Dr. Christian Orneles III,PsyD",Agender,Christian.Orneles@pilog.com,Apartmentt 98,48 Luster St,LA,CA,90050,United States,Crow,Divorced,10,OUN934JBmPO,Web Developer I,362747,87065,41633.2,01GZ1HY1Q9EAZB106531T24R0Q,5/25/22,3/4/14,BA93 5748 8405 7462 9617,5.60E+15,bankcard,nr5NGzF,7/18/79,,906-52-6882
01GY0YYXEAVYT0DJB27DPZ4JZY,Mr.,Ettitan,Kretschmmer,Jr,MFA,"Mr. Ettian Kretschmmer Jr,MFA",Agender,ettian.kretschmmer@pilog.com,1st Flr,9 Mccormick Cr,Dayton,Ohio,45440,United States,Ottawa,Single,7,6lCzFZcPE,Physical Assistant,582792,18775,36169.9,01GZ1HY1QPRKH49FX5MM7Q3ZR5,7/17/20,9/21/03,MR31 1058 7235 6054 9037 2661 117,6.76E+17,switch,Ydn1exlN,,(571) 065-4174,455-63-2390
01GY0YYXEDW826EH7QRVRSTFGT,Mr.,L,White,IV,Col,"Mr. L White IV,Col",Transgender Woman,L.White@pilog.com,,,Phoenix,AZ,85025,United States,Navajo,Divorced,4,Gxr3UbqH,Chief Design Engg,541437,84101,46358.8,01GZ1HY1QVPF29K6FA9RAQW8HJ,8/2/21,12/28/86,IE48 MJEV 1428 6645 3208 32,5.64E+18,switch,2gEUtZ,8/23/25,(445) 124-8760,389-45-4576
01GY0YYXEGM8NGZSJC1PX28A0E,Prof.,Corneal,Eastabrook,,MSW,"Prof. Corneal Eastabrook ,MSW",Androgyne,corneal.eastabrook@pilog.com,,,Miami,FL,33261,United States,Navajo,Engaged,4,mjxj7XMU,Internal Auditor,711768,54711,40172.4,01GZ1HY1R2K63D2FWSCQHHJJWX,11/4/20,2/6/98,BH89 RHIN MEJV M5MB MMMJ DA,3.59E+15,jcb,I9IIVmv,,(050) 307-2812,897-09-2352
01GY0YYXEMY3XQAT1EYS4HC510,Mr.,Browny,Chellam,,PhD,"Mr. Browny Chellam ,PhD",Trans Person,Browny.Chellam@pilog.com,PO Box 17175,986 SLogan Ave,Atlanta,Georgia,30351,United States,Choctaw,Engaged,2,kA0Osr1,VP Marketing,664728,83078,37911.6,01GZ1HY1RZEGHRY7N1TY77ZEVJ,11/17/22,1/21/01,FR14 5149 4101 64SU CQQ6 UHNY C93,3.54E+15,jcb,yd4zSS,10/15/13,,
01GY0YYXESCQ0GZ6QJASVC2PT0,Mr.,Kennett,Nend,,DPT,"Mr. Kennett Nend ,DPT",Neutrois,Kennett.Nend@pilog.com,PO Box 64527,54 Stuart Pkwy,Orlando,FL,32835,United States,Asian Indian,Engaged,4,W3MUpC4K,Help Desk Tech,243634,98556,44158.7,01GZ1HY1SBSYXD9DPATZV8A40M,8/18/22,9/19/09,FI92 0454 5810 8737 26,5.60E+15,bankcard,wQZMhxc21,11/14/93,(240) 561-1779,647-84-5318
01GY0YYXEYNXMCWYDCD8FCTZT6,Mr.,Kennett,Fricker,,DDS,"Mr. Kennet Fricker ,DDS",Cisgender Woman,Kennet.Fricker@pilog.com,Room 1261,5660 Helena Ct,New Orleans,Lou,70187,United States,Panamanian,Separated,10,rU97v6W,Recruiter mngr,704132,98170,55556.4,01GZ1HY1SVG58A0FTMMJK4SE2C,1/2/23,3/14/88,SE91 7735 5983 1641 0826 1042,4.51E+15,visa-electron,IhFiodAV,5/23/87,(474) 301-9208,882-62-3917
01GY0YYXF2Z7VY5V2KQWHPVS1P,Mr.,court,Nawton,Jr,CPT,"Mr. court Nawton Jr,CPT",Transsexual Male,court.Newton@pilog.com,Suite 57,294 Ridge Oak St,Reading,Pennsylvania,19605,United States,Alaska Native,Separated,10,dNJcJBYkFrW,Physical Therapy asst,587814,74452,32036.1,01GZ1HY1TDQ0PZA18R1XBQAMNG,2/11/21,9/8/94,CY40 0420 6712 UOOO 5ZW6 82FY MUVO,3.56E+15,jcb,ZXWgIrX4H,7/22/12,(129) 437-5899,630-24-9361
01GY0YYXF83S8XVNS13099Q3DS,Mr.,Devolena,Cazereau,,DDS,"Mr. Devolena Cazereau ,DDS",Cis Man,devolena.cazereau@pilog.com,PO Box 18833,762 Spring Ave,Shawnee Mission,Kansas,66225,United States,Huma,Separated,10,1yaGSY7t4Y,Physical Therapy Asst,496831,75965,51714.4,01GZ1HY1V1PG7PAPZ510ZPJFT6,9/13/20,10/28/82,FR91 9095 0089 49C7 ERWS TI3Q H12,3.38E+14,americanexpress,PUVFRw8rSE3l,,,276-36-2352
01GY0YYXFDPYNDKQKKY4DWPMXG,Mr.,J,Garland,,DPT,"Mr. J Garland ,DPT",Cisgender Man,J.Garland@pilog.com,,,,NJ,7544,United States,Mexican,Single,10,3qS5zSJKmVN,Coordinator,268643,90002,41199.1,01GZ1HY1K6P9WZEJP1SKMCK9BE,8/30/21,1/24/82,MK97 347I CV9A W7AQ P10,3.53E+15,jcb,KOfboqPy,,(018) 507-1691,418-15-7983
01GY0YYXFJ2XBDA3RDRCQ6N7E4,Mr.,Herminka,Alderson,,DPT,"Mr. Herminka Alderson ,DPT",Agender,Herminka.Anderson@pilog.com,15th Floor,46 Milwaukee Ct,Philadelphia,Pennsylvania,19151,United States,Malaysian,Separated,10,a845OW,Developer IV,200521,98393,45331.2,01GZ1HY1KJ18VJA6RSMPHCZTCE,11/14/22,5/21/18,LU42 318W HLOM MQP6 QIFQ,3.54E+15,jcb,ls3OLwVx,,,285-14-1068
01GY0YYXFQWDN64RZAM7XDT1FY,Mr.,Jessica,Bloschke,,MSW,"Mr. Jessica Bloschke ,MSW",Pangender,Jessica.B@pilog.com,,,Saginaw,MI,48609,United States,Yaqui,Separated,9,zVbJZonpY,VP Acc,180476,90625,57426.7,01GZ1HY1KS293BKQTVJKB3S7DA,11/2/22,11/6/12,SA39 763O 7O11 GTLF VOYG W2FK,5.89E+16,maestro,Bv4XbAP,8/3/70,(504) 222-6432,256-34-0994
01GY0YYXFW3G49RFJN4CN045WW,Prof.,Silva,Bridewell,II,BA,"Prof. Silva Bridewell II,BA",Transgender,Silva.Bridewell@pilog.com,Suite 86,39 Pairview Dr,Denver,CO,80204,United States,Honduran,Engaged,6,ZleWEEA,Chemical Engg,373636,93152,44995.9,01GZ1HY1NAR00THDV979GKEZK2,12/8/20,12/23/05,AD96 2801 5709 HECC IDYH DFWP,3.55E+15,jcb,RRUanUFtzejq,2/25/09,(159) 462-0721,366-46-0701
01GY0YYXG1PF66PZQBXZTVDM98,Prof.,Browny,Geraldo,,PsyD,"Prof. Browny Geraldo ,PsyD",Trans Woman,browny.geraldo@pilog.com,Suite 92,6069 Merrick Pt,Cincinnati,OH,45296,United States,Asian,Engaged,7,9iNWGOYjcU,Asst Professor,927016,53572,28187.1,01GZ1HY1NQ7AKZTRJ6741VW2KN,2/24/20,2/23/92,IL57 5094 7732 5965 9437 857,3.56E+15,jcb,eMLNa3DE2,12/20/78,(182) 487-6119,637-80-0216
01GY0YYXG8YGGBK032JDVNQ7EZ,Prof.,Wolfey,Clac,Sr,PsyD,"Prof. Wolfey Clark Sr,PsyD",Trans Person,Wolfey.Clark@pilog.com,Room 1041,23940 Debra Passers,Boca Raton,FL,33487,United States,Laotian,Engaged,1,BRF4tKQ2vLh,Teach,470320,98169,52388.4,01GZ1HY1PDDF55N1B1YWK05QP8,2/10/23,2/20/80,BH91 NAAC ULOR 9QAZ SCAQ FW,4.04E+12,visa,2IOaYo0TB,8/24/77,(146) 455-4466,
01GY0YYXGC4YEWP9TPDQGWWCQJ,Prof.,Bronnie,Abeau,IV,MA,"Prof. Bronnie Abeau IV,MA",Transgender Person,Bronnie.Abeau@pilog.com,Suite 36,64 wish Ct,San Diego,CA,92176,United States,Sioux,Unknown,7,aOr4RLE,Software Engg II,887527,92989,49900.6,01GZ1HY1PR8VNWNCDEYX0QFTKE,4/29/21,11/10/11,AE29 7759 4931 6514 2469 799,5.89E+18,maestro,NtBK4lma0hw,7/27/23,(678) 896-5704,
01GY0YYXGFT6C71AT3RMEA3MPY,Mr.,Kash,Chopping,,Col,"Mr. Kash Chopping ,Col",Trans Female,Kash.Chopping@pilog.com,Room 805,7392 High Cr Tr,Washington,Columbia,20046,United States,Cambodian,Married,1,9Rqi3hna4ft9,Research Associate,8613,96281,54404.1,01GZ1HY1QHRCY9CTJ9RSENTK5D,12/30/20,12/19/91,FR94 3422 9446 25FI ALFX HJEQ U91,5.60E+15,bankcard,SLIoMG2JfC2e,1/21/06,(599) 155-0379,574-02-6430
01GY0YYXGJAG9FPC4MP3FG43QF,Prof.,Duke,Wixey,IV,Col,"Prof. Duke Wixey IV,Col",Neither,Dr.DukeWixey@pilog.com,Apt 1895,02 Doe Cr Park,Denton,Texas,76210,United States,Puerto Rican,Single,8,zhQoSgU,Media Manager I,527060,99745,69565.3,01GZ1HY1QW6E4CNC60WNS1GCZS,8/23/22,8/26/81,MD14 ZQ6U Y88U 4IRF WKGR 49MQ,3.55E+15,jcb,IAPXefM5E,3/17/77,(154) 146-4373,033-17-8511
01GY0YYXGNMRYFKG7JY1C8Q5JJ,Dr.,Nicole,Pedrocco,,Col,"Dr. Nicole Pedrocco ,Col",Transgender Female,Nicole.Pedrocco@pilog.com,Apt 841,713 Q Terrace,NY City,New York,10270,United States,Polynesian,Engaged,9,y08hfM5KCEW, Scientist,507092,82399,36850.6,01GZ1HY1RTH7GT076ME66R0E3E,1/31/22,8/8/96,IL88 9811 7235 5088 9121 705,5.60E+17,china-unionpay,lrFdXI3XBUa,7/14/00,(559) 542-4331,
01GY0YYXGQTPV3REFKYA832J1M,Mr.,Candy,Piell,III,CPT,"Mr. Candy Piell III,CPT",Pangender,candy.piell@pilog.com,Suite 54,02752 Sheridan Pk,Lansing,Michigan,48919,United States,Guatemalan,Divorced,6,LiSquwCOYhvX,Software Consultant,113857,48979,35401.9,01GZ1HY1T47M3XB2G2E3TFH8WG,8/15/22,3/31/14,FR77 4763 7342 57FX V7WA 3EMD Y05,3.72E+14,americanexpress,8RCg1gf,11/11/26,(360) 688-0577,440-34-9507
01GY0YYXGW9VY89FK6C8W7E1ND,Mr.,karoline,Prplay,,Col,"Mr. karoline Peplay ,Col",Transsexual,karoline.Peplay@pilog.com,Suite 75,34 Mcguire Circle,Miami,Florida,33261,United States,Tlingit-Haida,Married,5,O7zmu69fK,Accounting Assistant I,187970,97084,39925.5,01GZ1HY1G8Q9D1BJPRE8YEE18Y,1/26/21,6/10/91,RS77 2055 3260 1870 9191 78,3.75E+14,americanexpress,fj5HV0CHB,1/24/01,,716-27-7317
01GY0YYXH1N7CBA1PQKFCTKT8C,Dr.,Noah,Trasler,,Col,"Dr. Noah Trasler ,Col",Cisgender Female,Noah.Trasler@pilog.com,PO Box 15428,68810 Nelson Pkwy,,,2109,United States,Chickasaw,Married,1,BBwwURvL,Test Engineer III,98179,96640,44347.1,01GZ1HY1HHKKEMWYEVN2TN0DNE,8/22/20,1/10/87,ME43 7824 9451 0925 2225 19,3.38E+14,americanexpress,ZThc1jUue1K,4/24/65,(348) 507-7516,520-02-7273
01GY0YYXH7XXK2HWBJDGNV5D0C,Dr.,Asher,Pegden,,BA,"Dr. Asher Pegden ,BA",Cisgender Man,Asher.Preplay@pilog.com,Apt 1851,29 A Centre,Raleigh,NC,27605,United States,Osage,Married,3,Cr5eArX,Statistician I,574189,70358,39233.9,01GZ1HY1J3W98TFWQVE1RVSXGJ,8/1/22,6/7/80,DO84 18KL 6061 7022 0270 5402 9539,4.51E+15,visa-electron,WazmSTVvz,6/20/99,(859) 162-3724,
01GY0YYXHC308YZXKP5DHDHK0A,Mr.,Gilbert,Nulty,,,"Mr. Gilbert Nulty ,",Genderqueer,Gilbert.Nulty@pilog.com,Suite 77,00 Canary line,Gilbert,AZ,85297,United States,Samoan,Separated,8,HUFnsXPSLJ,Technical Writer,413485,94151,55374.2,01GZ1HY1MCNEMWS9FARNTTTPSW,10/20/20,12/30/80,LV50 YUGL JB9I SQQI 4GQ0 5,3.53E+15,jcb,mTKb0vlNuC,5/4/77,(427) 925-8151,797-71-3001
01GY0YYXHFRN5XY2CFP017XEMB,Prof.,Lanchester,Dabes,,EdD,"Prof. Lanchester Dabes ,EdD",Intersex,Lanchester.Dabes@pilog.com,Apt 409,762 Fallview rd,Columbus,Ohio,43284,United States,Iroquois,Engaged,4,yaHSKR6ORp,Librarian,88460,96098,31960.2,01GZ1HY1N9VHKPX8TPP3NZG9PV,1/26/22,3/24/16,SE82 9743 4067 6437 7443 1719,3.58E+15,jcb,RQ0G9kEZYiB,12/26/90,(482) 332-1262,
01GY0YYXHHPAQRJWEJBA1ZFS8A,Mr.,Hassan,Wassell,,DPT,"Mr. Hassan Wassell ,DPT",Transsexual Male,Hassan.Wassell@pilog.com,,,Portland,Oregon,97232,United States,Alaskan Athabascan,Married,10,UzKs29K,Sys Admin III,911421,98479,57411.8,01GZ1HY1PEWV4K3SK1WKF2QEX9,4/16/22,7/31/21,IT78 P330 0234 9650 BPO1 ZDCY 7AD,5.01E+15,mastercard,8j1PTtpANy,7/5/22,(887) 832-591,855-48-6452
01GY0YYXHPX566A5QSAS03RCXY,Mr.,Husain,Wassell,,DPT,"Mr. Husain Wassey ,DPT",Transsexual Male,Husain.Wassey@pilog.com,,762 Fairview rd,Portland,Oregon,97232,United States,Alaskan Athabascan,Married,10,UzKs29K,Systems Administrator III,911421,98479,57411.8,01GZ1HY1PEWV4K3SK1WKF2QEX9,4/16/22,7/31/21,IT78 P330 0234 9650 BPO1 ZDCY 7AD,5.01E+15,mastercard,8j1PTtpANy,7/5/22,(887) 832-591,855-48-6452
01GY0YYXHV2QMXZ8EJZ9YFPKAP,Mr.,diana,Springthorpe,Jr,Gen,"Mr. diana Springthorpe Jr,Gen",Cisgender Man,diana.Springthorpe@pilog.com,PO Box 12534,46 Forest Ave,Charleston,South Carolina,29403,United States,Japanese,Unknown,7,axhmUUxKO,Mechanical Systems Engineer,759972,92878,53163.7,01GZ1HY1HK3JSC48K7S4X5C1GR,6/14/22,7/24/91,HR35 7163 2074 6877 5566 8,5.60E+17,china-unionpay,STEHkj,4/4/23,,
01GY0YYXJ0XMRC1RHWC7STYSW1,Prof.,Jessica,Worswick,III,PsyD,"Prof. Jessica Worswick III,PsyD",Female to Male,Jessica.Worswick@pilog.com,,,W. Palm Beach,FL,33411,United States,Micronesian,Unknown,4,uTyfmbJ4uUM,Speech Pathologist,866908,82194,46056.6,01GZ1HY1J0WXCK79Q83TRYD1NR,6/30/22,1/6/94,FR04 4767 7948 64KQ ZSMB DV6I W64,3.03E+13,diners-club-carte-blanche,44yWoNh8mZw,3/17/88,(939) 665-5568,561-44-4972
01GY0YYXJ5YMGJJ0CAWN2JZWY1,Mr.,Atlanta,Simon,,Gen,"Mr. Atlanta Simon ,Gen",Bigender,Atlanta.Simon@pilog.com,,,El Paso,TX,79989,United States,White,Married,10,gJDQzxS8SltH,Web Dev I,453119,81865,41761.3,01GZ1HY1RTJE6666SPCVK12CMS,2/4/21,4/19/89,FR89 1713 2113 77UE HBGL DN5R V89,5.01E+15,mastercard,amqEhDYZi,,(192) 894-1856,511-15-6196
01GY0YYXJ8MFVPRXX2Q0Q8AZBY,Mr.,Atlanta,Ivory,,MFA,"Mr. Atlanta Ivory ,MFA",Transgender Female,Atlanta.Ivory@pilog.com,,,Bill,MO,59112,United States,Argentinian,Single,4,2MJYyk0rrC,Research Associate,365401,93831,72142.4,01GZ1HY1SCRBBM50VXVJ7PVWDC,7/27/20,11/19/95,NL84 MYNP 1739 1066 34,5.60E+17,china-unionpay,Yl3OMkQIkguI,1/14/90,(726) 072-4591,
01GY0YYXJBA0C61ZD6FF9ZZWTR,Prof.,Nickole,Pidgin,,MSW,"Prof. Nickole Pidgin ,MSW",Cis Female,nickole.pidgin@pilog.com,Room 1734,40232 Mockingbird Ave,Watertown,,2472,United States,Chinese,Married,3,OBg6hTS9X08,VP Product Mngr,288789,57113,41083.7,01GZ1HY1SMZ9X619THG55G2D02,3/16/22,3/10/92,BA30 8181 4606 7842 9294,4.90E+18,switch,HHQYN3G5SV,6/18/98,,180-84-9699
01GY0YYXJEV493ASGB0NWDTP99,Dr.,Louis,Beardsworth,,MPHIL,"Dr. Louis Beardsworth,MPHIL",Cisgender Female,louis.Beardsworth@pilog.com,12th Floor,41 Talmadge St,Seattle,Washington,98185,United States,Navajo,Engaged,1,hmdDG4CgzA0M,Project Manager,171355,73888,52114.6,01GZ1HY1QSNDRP3T0ZRSPC1MFW,10/30/20,12/19/85,FR87 6313 3357 58LC QZVW 6H1A J78,5.61E+18,china-unionpay,p3zCZhlPeWSo,9/2/96,(170) 678-1916,
01GY0YYXJHEV95VQ0P1X3X7G1J,Mr.,Scott,Cuppleditch,Sr,MFA,"Mr. Scott Cuppleditch Sr,MFA",Cis Male,Scot.Cuppleditch@pilog.com,Apt 726,53 Hintze Court,Mobile,Alabama,36641,United States,Black or African American,Separated,4,mhhTFlK,Assistant Media Planner,696515,82732,38957.6,01GZ1HY1R1CTA9QWR16WZCNPGS,12/28/20,10/7/04,FR36 5624 5659 80JL NLLT RROY M41,3.58E+15,jcb,yE3rQ74Hop,12/9/71,(174) 397-1185,875-37-5649
01GY0YYXJMX5B3WYZABV465HSA,Dr.,Nick,Powney,,MSW,"Dr. Nick Powney ,MSW",Gender Fluid,Nick.Powney@pilog.com,Room 527,2 Hanover Hill Dr,Herndon,Virginia,22070,United States,Puget Sound Salish,Divorced,6,f8dwPyuQq,Desktop Support Tech,446668,93028,35424.9,01GZ1HY1JPE8M9JT1D3Q2BAVNM,6/30/20,1/28/84,SM36 D073 5925 691W LPLW CPBX 4ZM,3.55E+15,jcb,ZbFz7UxSEE,11/12/1891,(698) 918-1521,
01GY0YYXJQFH6W0J1K3F8JFKG5,Mr.,Sofia,Vermer,,PsyD,"Mr. Sofia Vermer ,PsyD",Androgyne,Sofia.Vermer@pilog.com,Suite 9,672 Pennsylvania Rd,San Diego,CA,92121,United States,Fijian,Unknown,6,GGFypHJHJuDR,Environmental Tech,554496,98889,64266.8,01GZ1HY1KC58W5N977GP3D9GG9,5/25/21,10/10/19,FR97 4965 0551 71VS 5YGP 4ZG4 F57,3.55E+15,jcb,j7UAUGRhb1,4/2/71,(923) 511-8135,340-88-7434
01GY0YYXJTDFZYTS04C7NTK6DM,Prof.,Zeeshan,Rumsey,,IQCP,"Prof. Zeeshan Rumsey ,IQCP",Genderqueer,Zeeshan.Rumsey@pilog.com,6th Floor,24 B. Alley,Young America,MI,55564,United States,Shoshone,Separated,7,kAu9u5jygsA,Geologist,508799,57939,24885.2,01GZ1HY1T3WS187J2A0ZWN4MJY,8/2/20,3/16/91,BH87 YPLA WVC7 9WKU VQBW WA,3.74E+14,americanexpress,skJb22lyThOe,,(613) 670-9353,812-78-0864
01GY0YYXJXHBD3PXPACRTSJVZ4,Dr.,Rahane,Ebbles,Jr,DDS,"Dr. Rahane Ebbles Jr,DDS",Gender Fluid,rahane.Ebbles@pilog.com,PO Box 74642,0653 H. Hill,Fresno,California,93773,United States,Shoshone,Engaged,8,8teEqS9Nz7,Civil Engineer,959221,11609,63519.5,01GZ1HY1T6PQMM7ZM7SWSM3V11,3/17/21,12/5/93,IT45 X457 1287 2277 XA4M 3S6H QOG,5.60E+18,china-unionpay,r4IzEvZ3Lq,6/25/14,(734) 225-1349,873-30-1318
01GY0YYXK0ZDP95N9QVW5KP8P3,Mr.,Cristiana,Bere,Jr,EdD,"Mr. Cristiana Bere Jr,EdD",Trans Male,Cristiana.Bere@pilog.com,Apt 759,9 Barby Centre,,,2912,United States,Menominee,Separated,2,oREm6x5y,Accountant I,847379,89635,37860,01GZ1HY1TRSPH9TXP4W5AJE8HD,8/21/22,7/10/03,KZ75 677Z OILY GLW2 XYQR,5.01E+15,mastercard,8viMZqraev,3/7/02,(915) 274-0186,933-51-8784
01GY0YYXK30ZD18HRMH4GCQ69G,Mr.,Auditya,Corkell,,MFA,"Mr. Auditya Corkell ,MFA",Transgender Woman,Auditya.Corkell@pilog.com,Apt 1868,093 Badeau Centre,Katy,Texas,77493,United States,Bangladeshi,Married,5,dunOzeD,Therapist-I,865683,98946,53847.6,01GZ1HY1GY89MMJHAQEB5T10GM,1/6/22,5/10/82,NO91 7021 0895 459,3.59E+15,jcb,DYXbx0Q,8/23/25,(584) 833-6516,933-71-8984
01GY0YYXK6SKBYKZB8F749NTPM,Prof.,James,Christian,,DPT,"Prof. James Christian ,DPT",Other,Jamey.Christian@pilog.com,Suite 28,77965 W.Plaza,Kansas City,Missouri,64136,United States,Native Hawaiian and Other Pacific Islander (NHPI),Single,8,VrOriq,Financial Advisor,391288,83460,26720.4,01GZ1HY1DKRFQQ40ETF2J6E8J6,2/13/21,10/28/16,FR33 5475 4630 90ND GHKJ NTTR U68,3.59E+15,jcb,Vl9H8RIhJ,4/3/81,,217-10-4987
01GY0YYXK97PWE7A7XHHMBCRJG,Mr.,Edward,Downe,,CPT,"Mr. Edward Downe ,CPT",Transgender Female,Edward.Downe@pilog.com,PO Box 16713,8456 Toban Cir,Peoria,Illinois,61614,United States,Chippewa,Divorced,6,KJy2oaYA,Speech Pathologist,744638,95872,54124.4,01GZ1HY1E8HEKH6XECFCYC295Z,4/3/21,8/14/05,DK05 4791 5716 3119 68,3.01E+13,diners-club-carte-blanche,P9Cdzzo,7/17/97,,
01GY0YYXKCG4YA8D9K5WQ0F551,Prof.,Sofia,Dyne,III,MPHIL,"Prof. Sofia Dyne III,MPHIL",Gender Nonconforming,Sofia.Dyne@pilog.com,PO Box 81744,46623 Talmadge Plce,Reno,NV,89519,United States,South American,Engaged,5,qOU6hROCiDne,Editor,945603,76720,28100,01GZ1HY1RWFFP1Y04KFEXVF1YB,11/24/22,10/22/04,FR70 5652 2665 59J0 AV0Z XUTK 661,3.57E+15,jcb,LqSl5UnN,,(180) 644-5119,075-06-1830
01GY0YYXKFMDNM86EB74AG6EQS,Mr.,Mrk,Joost,,EdD,"Mr. Mrk Joost ,EdD",Cisgender,Mrk.Joost@pilog.com,Room 394,35 Farragut Ct,MI,FL,33190,United States,Choctaw,Engaged,9,DSiICtls2oe,Accountant II,719794,99397,71636.1,01GZ1HY1RSGBCC4P8MFH1JVBBK,2/16/20,10/12/17,LI44 1333 98Y0 ZHDR IAYN J,6.33E+18,switch,pg65MCcZmph,1/9/19,(192) 918-1255,466-16-5251
01GY0YYX7ZMM7PZP0KGF2AY4X0,Prof.,Nickole,Pidgin,,MSW,"Prof. Nick Pidgin ,MSW",Cis Female,nick.pidgin@pilog.com,Room 1734,40232 Mockingbird Ave,Watertown,,2472,United States,Chinese,Married,3,OBg6hTS9X08,VP Product Mngr,288789,57113,41083.7,01GZ1HY1SMZ9X619THG55G2D02,3/16/22,3/10/92,BA30 8181 4606 7842 9294,4.90E+18,switch,HHQYN3G5SV,6/18/98,,180-84-9979
01GY0YYX8A6NCPSH44BCTGKX2W,Dr.,Maichel,Antrobus,,MSW,"Dr. Maichel Antrobus ,MSW",Trans,Vachel.Antrobus@pilog.com,PO Box 42196,333 H. Prk Ave,Kansas City,Missouri,64190,United States,Fijian,Divorced,5,A7eDZXecv,Nurse,45379,89793,54924,01GZ1HY1ZHT3EA4Q0QGZZVD82S,7/1/22,1/6/23,FR42 8243 9689 42D9 LVSY IC3V M73,3.58E+15,jcb,LyVign7,11/4/67,,382-10-3739
01GY0YYX8HYNZZNFHCE248T9XS,Prof.,Antonio,Hattrick,,BA,"Prof. Antonio Hattrick ,BA",Neutrois,Antonio.Hattrick@pilog.com,Suite 64,986 Summit Avenue,N.port Beach Rd,California,92662,United States,Chippewa,Engaged,6,P0NhaJp,GIS Technical Architect,878420,75369,41758.6,01GZ1HY20PDVNETTFFKCQX9H6J,3/5/22,10/2/85,AE93 3549 2394 4298 2119 846,3.72E+14,americanexpress,h7ix2xwZi,10/15/05,(208) 962-5441,808-31-9301
01GY0YYX8N070484G7ASRZ480Q,Mr.,Raymond,Dawtrey,,PsyD,"Mr. Raymond Dawtrey ,PsyD",Transfeminine,Raymond.dawtrey@pilog.com,Apt 1730,7904 M. Alley Dr,Phoenix,Arizona,85010,United States,Micronesian,Divorced,3,zSmBCD,Marketing Assistant,690462,5176,42728.2,01GZ1HY211PZHS85J1FNHB00G3,12/27/22,6/8/98,FR75 2920 1637 68XT 5CTO GYRX T95,4.84E+15,visa-electron,W6sQCe,5/19/69,(505) 013-8414,547-67-2775
01GY0YYX8RE26XQDAXBR5TYENH,Mr.,Will,Smith,II,IQCP,"Mr. Will Smith II,IQCP",Trans Man,William.Smith@pilog.com,Suite 38,161 D. Hill,Jamaica,New York,11436,United States,Honduran,Unknown,9,FDZMnpInzlzH,Statistician II,423081,97980,62757,01GZ1HY1X03FWFD5VB10YDPH29,3/20/22,4/6/15,AL46 8250 3092 JFRK I3BL BQVR OMRP,3.54E+15,jcb,8iXMZKTl3,7/14/26,(156) 435-2959,605-51-1530
01GY0YYX8VZ1KH94B93ZMG2652,Prof.,Christine,Muckeen,,PharmD,"Prof. Christine Muckeen ,PharmD",Male to Female,Christine.Muckeen@pilog.com,Room 141,76 Pleasure Way,Oakland,California,94622,United States,Shoshone,Divorced,5,HcrMZnb7,Dental Hygienist,248928,88452,53825.7,01GZ1HY1WRQA0TVGC01F7NAK7C,4/24/22,5/18/98,BE07 3844 4595 4602,4.03E+15,visa-electron,prYzhk3yMl,,(196) 921-8982,355-85-1242
01GY0YYX8ZTTWTFYEBP8PDG4TJ,Dr.,David,John,,IQCP,"Dr. David John ,IQCP",Cis Male,David.John@pilog.com,Suite 75,321 G. Centre,San Diego,California,92186,United States,Fijian,Separated,1,cbh9jO,Geologist IV,790950,87135,55869.4,01GZ1HY1WGMW85GK278FQR8TJV,8/5/21,1/23/10,LB20 8017 N0RH A2KP FDKI SUKR M2EX,3.56E+15,jcb,m6L8UG,2/19/96,(849) 134-9440,455-52-1682
01GY0YYX92507FY5KS50F8B5KF,Mr.,Johnson,David,,,"Mr. Johnson David ,",Cis Woman,Johnson.David@pilog.com,Room 300,1537 H. Court,Carson City,Nevada,89714,United States,Menominee,Unknown,3,XuriIVqYMfq,Web Developer II,57828,99946,75572.5,01GZ1HY1W7FQVRAPYMTJ2BP901,11/4/22,9/17/05,DO04 FADS 0102 7477 2245 0921 4943,3.56E+15,jcb,8gt92wgZ0,2/24/70,(401) 735-276,017-05-4621